objectid,location_name,location_address,address_line__2,city,state,zip_code,county,regionsize,matchscore,latitude,longitude,matchtype,location_type,accepts_snap,organization,co_sponsor,type,frequency,day,times,year_round_or_dates,description,eligibility_requirements,eligibility_requirement,no_photo_id_required,no_registration_required,restricted_access_only_members_o,age_restrictions_for_children_or,age_restrictions_for_seniors_onl,income_maximum_for_eligibility,delivery_available,prepared_meals,grocery_items,fresh_produce,languages_spoken_other_than_engl,other_services_provided_diapers,other_services_provided_baby_for,other_services_provided_financia,other_services_provided_clothing,other_services_provided,metro,bus,store_type,loctype_fresh
4931,Lideta Market,1607 S Glebe Rd,,Arlington,VA,22204,ARLINGTON,498.6814,95.325447,38.890587,-77.119003,Relaxed,SNAP-retailer,1,,,Supermarket/Grocery Store,,,,,,,,,,,,,,,,,1,,,,,,,,,Supermarket/Grocery Store,SNAP-retailer with fresh produce
6699,Asni Inc,1045 S Edgewood St,,Arlington,VA,22204,ARLINGTON,2855.9011,100,38.862259,-77.086182,Exact,SNAP-retailer,1,,,Supermarket/Grocery Store,,,,,,,,,,,,,,,,,1,,,,,,,,,Supermarket/Grocery Store,SNAP-retailer with fresh produce
7070,Ft Myers Commissary 2518,523 Carpenter Rd,,Fort Myer,VA,22211,ARLINGTON,4533965.5,60,38.886948,-77.078209,Relaxed;Soundex,SNAP-retailer,1,,,Misc,,,,,,,,,,,,,,,,,0,,,,,,,,,Misc,SNAP-retailer without fresh produce
9530,Arlington Mill Farmers Market,909 S Dinwiddie St,,Arlington,VA,22204,ARLINGTON,2260.2388,100,38.85667,-77.11264,Exact,SNAP-retailer,1,,,Farmer's market,,,,,,,,,,,,,,,,,1,,,,,,,,,Farmer's market,SNAP-retailer with fresh produce
10983,Target Store 3210,1500 Wilson Blvd,,Rosslyn,VA,22209,ARLINGTON,4595.1108,96,38.894348,-77.074356,Relaxed,SNAP-retailer,1,,,Supermarket/Grocery Store,,,,,,,,,,,,,,,,,1,,,,,,,,,Supermarket/Grocery Store,SNAP-retailer with fresh produce
11778,Bangla Bazar,5149 Lee Hwy,,Arlington,VA,22207,ARLINGTON,3334.8015,100,38.896427,-77.13224,Exact,SNAP-retailer,1,,,Supermarket/Grocery Store,,,,,,,,,,,,,,,,,1,,,,,,,,,Supermarket/Grocery Store,SNAP-retailer with fresh produce
14024,Giant Food 748,2901-11 S Glebe Rd,,Arlington,VA,22206,ARLINGTON,14538.319,96.633133,38.845398,-77.068916,Relaxed,SNAP-retailer,1,,,Supermarket/Grocery Store,,,,,,,,,,,,,,,,,1,,,,,,,,,Supermarket/Grocery Store,SNAP-retailer with fresh produce
14025,Giant Food 771,3115 Lee Hwy,,Arlington,VA,22201,ARLINGTON,16184.268,100,38.896622,-77.096313,Exact,SNAP-retailer,1,,,Supermarket/Grocery Store,,,,,,,,,,,,,,,,,1,,,,,,,,,Supermarket/Grocery Store,SNAP-retailer with fresh produce
14027,Safeway  764,2500 N Harrison St,,Arlington,VA,22207,ARLINGTON,9272.666,100,38.896851,-77.13942,Exact,SNAP-retailer,1,,,Supermarket/Grocery Store,,,,,,,,,,,,,,,,,1,,,,,,,,,Supermarket/Grocery Store,SNAP-retailer with fresh produce
14028,Safeway  1358,5101 Wilson Blvd,,Arlington,VA,22205,ARLINGTON,9480.2383,100,38.878052,-77.123154,Exact,SNAP-retailer,1,,,Supermarket/Grocery Store,,,,,,,,,,,,,,,,,1,,,,,,,,,Supermarket/Grocery Store,SNAP-retailer with fresh produce
15975,Arlington Grocery,2524 Columbia Pike,,Arlington,VA,22204,ARLINGTON,2117.2656,97.928993,38.863152,-77.08432,Relaxed,SNAP-retailer,1,,,Supermarket/Grocery Store,,,,,,,,,,,,,,,,,1,,,,,,,,,Supermarket/Grocery Store,SNAP-retailer with fresh produce
16460,Super Giant 0774,2501 9th Rd S,,Arlington,VA,22204,ARLINGTON,6433.0645,94.08284,38.864647,-77.08461,Relaxed,SNAP-retailer,1,,,Supermarket/Grocery Store,,,,,,,,,,,,,,,,,1,,,,,,,,,Supermarket/Grocery Store,SNAP-retailer with fresh produce
26484,Trader Joes 640,1109 N Highland St,,Arlington,VA,22201,ARLINGTON,2191.7957,100,38.886417,-77.094772,Exact,SNAP-retailer,1,,,Supermarket/Grocery Store,,,,,,,,,,,,,,,,,1,,,,,,,,,Supermarket/Grocery Store,SNAP-retailer with fresh produce
26615,Asia Halal Supermarket,5171 Lee Hwy,,Arlington,VA,22207,ARLINGTON,2746.7603,100,38.896423,-77.132843,Exact,SNAP-retailer,1,,,Supermarket/Grocery Store,,,,,,,,,,,,,,,,,1,,,,,,,,,Supermarket/Grocery Store,SNAP-retailer with fresh produce
39508,Brook Market,2522 Columbia Pike,,Arlington,VA,22204,ARLINGTON,2117.2656,97.928993,38.863159,-77.084305,Relaxed,SNAP-retailer,1,,,Supermarket/Grocery Store,,,,,,,,,,,,,,,,,0,,,,,,,,,Supermarket/Grocery Store,SNAP-retailer without fresh produce
42019,El Latino & African Market 1,4611 Columbia Pike,,Arlington,VA,22204,ARLINGTON,897.84906,99,38.857506,-77.107147,Relaxed,SNAP-retailer,1,,,Supermarket/Grocery Store,,,,,,,,,,,,,,,,,1,,,,,,,,,Supermarket/Grocery Store,SNAP-retailer with fresh produce
48638,Megamart Express,5001 Columbia Pike,,Arlington,VA,22204,ARLINGTON,1940.9834,100,38.855824,-77.112625,Exact,SNAP-retailer,1,,,Supermarket/Grocery Store,,,,,,,,,,,,,,,,,1,,,,,,,,,Supermarket/Grocery Store,SNAP-retailer with fresh produce
51163,Columbia Pike Farmers Market,2820 Columbia Pike,,Arlington,VA,22204,ARLINGTON,4283.5166,99,38.862133,-77.086594,Relaxed,SNAP-retailer,1,,,Farmer's market,,,,,,,,,,,,,,,,,1,,,,,,,,,Farmer's market,SNAP-retailer with fresh produce
60582,Safeway  1048,1525 Wilson Blvd,,Arlington,VA,22209,ARLINGTON,6858.3232,100,38.895096,-77.075317,Exact,SNAP-retailer,1,,,Supermarket/Grocery Store,,,,,,,,,,,,,,,,,1,,,,,,,,,Supermarket/Grocery Store,SNAP-retailer with fresh produce
61378,Freshfarm Rosslyn Market,1201 Wilson Blvd,,Arlington,VA,22209,ARLINGTON,1523.7686,100,38.89518,-77.070808,Exact,SNAP-retailer,1,,,Farmer's market,,,,,,,,,,,,,,,,,1,,,,,,,,,Farmer's market,SNAP-retailer with fresh produce
61693,Glebe Market,300 N Glebe Rd,,Arlington,VA,22203,ARLINGTON,1888.3835,100,38.873833,-77.105202,Exact,SNAP-retailer,1,,,Supermarket/Grocery Store,,,,,,,,,,,,,,,,,1,,,,,,,,,Supermarket/Grocery Store,SNAP-retailer with fresh produce
61695,Safeway  4007,3713 Lee Hwy,,Arlington,VA,22207,ARLINGTON,12345.32,100,38.896671,-77.1054,Exact,SNAP-retailer,1,,,Supermarket/Grocery Store,,,,,,,,,,,,,,,,,1,,,,,,,,,Supermarket/Grocery Store,SNAP-retailer with fresh produce
66806,Whole Foods Market 10042,2700 Wilson Blvd,,Arlington,VA,22201,ARLINGTON,1236.9257,100,38.88924,-77.090897,Exact,SNAP-retailer,1,,,Supermarket/Grocery Store,,,,,,,,,,,,,,,,,1,,,,,,,,,Supermarket/Grocery Store,SNAP-retailer with fresh produce
90453,Freshfarm Arlington Courthouse Farmers Market N/A,1425 N Courthouse Rd,,Arlington,VA,22201,ARLINGTON,6058556.5,60,38.887344,-77.098839,Relaxed;Soundex,SNAP-retailer,1,,,Farmer's market,,,,,,,,,,,,,,,,,1,,,,,,,,,Farmer's market,SNAP-retailer with fresh produce
97864,Harris Teeter 235,4250 Campbell Ave,,Arlington,VA,22206,ARLINGTON,3090.1001,100,38.841587,-77.089912,Exact,SNAP-retailer,1,,,Supermarket/Grocery Store,,,,,,,,,,,,,,,,,1,,,,,,,,,Supermarket/Grocery Store,SNAP-retailer with fresh produce
108652,Harris Teeter 83,900 Army Navy Dr,,Arlington,VA,22202,ARLINGTON,10262343,60,38.86134,-77.05674,Relaxed;Soundex,SNAP-retailer,1,,,Supermarket/Grocery Store,,,,,,,,,,,,,,,,,1,,,,,,,,,Supermarket/Grocery Store,SNAP-retailer with fresh produce
128508,Harris Teeter 262,3600 S Glebe Rd,Suite W100,Arlington,VA,22202,ARLINGTON,724.42035,100,38.842598,-77.052773,Exact,SNAP-retailer,1,,,Supermarket/Grocery Store,,,,,,,,,,,,,,,,,1,,,,,,,,,Supermarket/Grocery Store,SNAP-retailer with fresh produce
150063,Harris Teeter 371,950 S George Mason Dr,,Arlington,VA,22204,ARLINGTON,10419.438,100,38.860115,-77.102348,Exact,SNAP-retailer,1,,,Supermarket/Grocery Store,,,,,,,,,,,,,,,,,1,,,,,,,,,Supermarket/Grocery Store,SNAP-retailer with fresh produce
155220,Harris Teeter 086,600 N Glebe Rd,,Arlington,VA,22203,ARLINGTON,14106.305,100,38.876427,-77.110275,Exact,SNAP-retailer,1,,,Supermarket/Grocery Store,,,,,,,,,,,,,,,,,1,,,,,,,,,Supermarket/Grocery Store,SNAP-retailer with fresh produce
155437,Costco Wholesale 0233,1200 S Fern St,,Arlington,VA,22202,ARLINGTON,67530.891,100,38.861366,-77.057869,Exact,SNAP-retailer,1,,,Supermarket/Grocery Store,,,,,,,,,,,,,,,,,1,,,,,,,,,Supermarket/Grocery Store,SNAP-retailer with fresh produce
159600,Asia Market,5143 Lee Hwy,,Arlington,VA,22207,ARLINGTON,214.80977,100,38.896679,-77.13195,Exact,SNAP-retailer,1,,,Supermarket/Grocery Store,,,,,,,,,,,,,,,,,1,,,,,,,,,Supermarket/Grocery Store,SNAP-retailer with fresh produce
161942,New Start Cares Llc,610 S Carlin Springs Rd,Apt 153,Arlington,VA,22204,ARLINGTON,11846.209,100,38.860336,-77.128197,Exact,SNAP-retailer,1,,,Misc,,,,,,,,,,,,,,,,,0,,,,,,,,,Misc,SNAP-retailer without fresh produce
174518,Ballston Freshfarm Market,901 N Taylor St,,Arlington,VA,22203,ARLINGTON,5087.0073,96.00592,38.881142,-77.112495,Relaxed,SNAP-retailer,1,,,Farmer's market,,,,,,,,,,,,,,,,,1,,,,,,,,,Farmer's market,SNAP-retailer with fresh produce
183462,Harris Teeter  23,2425 N Harrison St,,Arlington,VA,22207,ARLINGTON,23334.52,100,38.897209,-77.138115,Exact,SNAP-retailer,1,,,Supermarket/Grocery Store,,,,,,,,,,,,,,,,,1,,,,,,,,,Supermarket/Grocery Store,SNAP-retailer with fresh produce
190438,Mom'S Organic Market 14,1901 N Veitch St,,Arlington,VA,22201,ARLINGTON,2328.4502,100,38.896019,-77.086441,Exact,SNAP-retailer,1,,,Supermarket/Grocery Store,,,,,,,,,,,,,,,,,1,,,,,,,,,Supermarket/Grocery Store,SNAP-retailer with fresh produce
212595,Giant Food 743,3450 Washington Blvd,,Arlington,VA,22201,ARLINGTON,3686.875,100,38.885643,-77.102966,Exact,SNAP-retailer,1,,,Supermarket/Grocery Store,,,,,,,,,,,,,,,,,1,,,,,,,,,Supermarket/Grocery Store,SNAP-retailer with fresh produce
214665,Lucky Seven Food Mart,3215 24th St S,,Arlington,VA,22206,ARLINGTON,1601.3018,100,38.848637,-77.08419,Exact,SNAP-retailer,1,,,Supermarket/Grocery Store,,,,,,,,,,,,,,,,,1,,,,,,,,,Supermarket/Grocery Store,SNAP-retailer with fresh produce
220861,Crystal City Freshfarm Market,1800 Crystal Drive,,Arlington,VA,22202,ARLINGTON,3921.4578,100,38.857697,-77.049332,Exact,SNAP-retailer,1,,,Farmer's market,,,,,,,,,,,,,,,,,1,,,,,,,,,Farmer's market,SNAP-retailer with fresh produce
234200,Whole Foods Market 10531,520 12th St S,Ste 100,Arlington,VA,22202,ARLINGTON,5834.0771,100,38.862621,-77.056976,Exact,SNAP-retailer,1,,,Supermarket/Grocery Store,,,,,,,,,,,,,,,,,1,,,,,,,,,Supermarket/Grocery Store,SNAP-retailer with fresh produce
235206,Harris Teeter 413,4550 King Street,,Alexandria,VA,22203,ARLINGTON,3973846.5,60,38.875126,-77.119606,Relaxed;Soundex,SNAP-retailer,1,,,Supermarket/Grocery Store,,,,,,,,,,,,,,,,,1,,,,,,,,,Supermarket/Grocery Store,SNAP-retailer with fresh produce
240659,Target Store T3257,740 N Glebe Rd,,Arlington,VA,22203,ARLINGTON,3338.5278,100,38.879482,-77.113098,Exact,SNAP-retailer,1,,,Supermarket/Grocery Store,,,,,,,,,,,,,,,,,1,,,,,,,,,Supermarket/Grocery Store,SNAP-retailer with fresh produce
1,Afac Headquarters,2708 S. Nelson St,,Arlington,VA,22206,ARLINGTON,527.18018,94.857986,38.843571,-77.089371,Relaxed,Charitable food-site,0,AFAC,NA,Food pantry,Open Mon-Sat. Participants can visit once per week.,"Mon-Fri, Sat","9:30 AM - 2 PM, Sat 9-11 AM",Year-round,"Supplemental groceries including protien, milk, eggs, fresh produce, and dry goods. Participants can visit this location once a week with a referral. Participants may only choose one AFAC location to pick up food from. Deliveries available to elderly, dis","Open to all Arlington residents. 1st time visitors must bring a photo ID and proof of address. Obtain a referral from DHS, APS social worker, or other social service agency to visit weekly.",1,0,0,0,0,0,0,1,0,1,1,NA,0,0,0,0,0,NA,"ART 72, 75, 77; Metrobus 7, 22A,  23A",Misc,Charitable food-site with fresh produce
2,Assembly Of God Church,4501 N. Pershing Dr.,,Arlington,VA,22203,ARLINGTON,11843.679,100,38.869171,-77.111069,Exact,Charitable food-site,0,AFAC,NA,Food pantry,Weekly,"Fridays until July 30, 2021",10:30 AM - 12 PM,Year-round,"Supplemental groceries including protien, milk, eggs, fresh produce, and dry goods. Participants can visit this location once a week with a referral. Participants may only choose one AFAC location to pick up food from.","Open to all Arlington residents. 1st time visitors must bring a photo ID and proof of address. Obtain a referral from DHS, APS social worker, or other social service agency to visit weekly.",1,0,0,0,0,0,0,0,0,1,1,NA,0,0,0,0,0,NA,"ART 41, 72; Metrobus 4B, 22A",Church/Mosque/Community Center,Charitable food-site with fresh produce
3,Clarendon United Methodist Church,606 N. Irving St,,Arlington,VA,22201,ARLINGTON,6618.9507,100,38.880421,-77.097092,Exact,Charitable food-site,0,AFAC,NA,Food pantry,Weekly,Saturday,8:30 - 10:30 AM,Year-round,"Supplemental groceries including protien, milk, eggs, fresh produce, and dry goods. Participants can visit this location once a week with a referral. Participants may only choose one AFAC location to pick up food from.","Open to all Arlington residents. 1st time visitors must bring a photo ID and proof of address. Obtain a referral from DHS, APS social worker, or other social service agency to visit weekly.",1,0,0,0,0,0,0,0,0,1,1,NA,0,0,0,0,0,"Clarendon, Virginia Square","ART 41, 42, 77; Metrobus 4B, 38B",Church/Mosque/Community Center,Charitable food-site with fresh produce
4,Claridge House Senior Apartments,1500 S Fern St,,Arlington,VA,22202,ARLINGTON,12542.258,95.857986,38.859112,-77.056755,Relaxed,Charitable food-site,0,AFAC,NA,Food pantry,Weekly,Monday,10:30 AM - 12 PM,Year-round,"Supplemental groceries including protien, milk, eggs, fresh produce, and dry goods. Participants can visit this location once a week with a referral. Participants may only choose one AFAC location to pick up food from.",Open to residents of Claridge House Senior Apartments. 1st time visitors must bring a photo ID and proof of address. Obtain a referral from Aging & Disability Services (DHS) to visit weekly.,1,0,0,1,0,1,0,0,0,1,1,0,0,0,0,0,0,"PentagonCity, Crystal City","ART 43, 87; Metrobus 10A, 23A",Apartments,Charitable food-site with fresh produce
5,Hunters Park Senior Apartments (Ahc),2021 N. Nelson St,,Arlington,VA,22207,ARLINGTON,5295.7476,100,38.895271,-77.105171,Exact,Charitable food-site,0,AFAC,NA,Food pantry,Weekly,Tuesday,11 AM - 12 PM,Year-round,"Supplemental groceries including protien, milk, eggs, fresh produce, and dry goods. Participants can visit this location once a week with a referral. Participants may only choose one AFAC location to pick up food from.",Open to residents of Hunter's Park Senior Apartments. 1st time visitors must bring a photo ID and proof of address. Obtain a referral from AHC Resident Services Coordinator to visit weekly.,1,0,0,1,0,1,0,0,0,1,1,NA,0,0,0,0,0,NA,ART 55,Apartments,Charitable food-site with fresh produce
6,Woodland Hill Senior Apartments,610 S. Carlin Springs Rd.,,Arlington,VA,22204,ARLINGTON,11846.209,100,38.860336,-77.128197,Exact,Charitable food-site,0,AFAC,NA,Food pantry,Weekly,Tuesday,12:30 - 2:30 PM,Year-round,"Supplemental groceries including protien, milk, eggs, fresh produce, and dry goods. Participants can visit this location once a week with a referral. Participants may only choose one AFAC location to pick up food from.",Open to residents of Woodland Hill Senior Apartments. 1st time visitors must bring a photo ID and proof of address. Obtain a referral from Woodland Hill Resident Services Coordinator to visit weekly.,1,0,0,1,0,1,0,0,0,1,1,NA,0,0,0,0,0,NA,"ART 45, 75; Metrobus 4B 16G, 25B",Apartments,Charitable food-site with fresh produce
7,The Carlin Senior Apartments,4300 N Carlin Springs Rd,,Arlington,VA,22203,ARLINGTON,3885.9751,95.857986,38.877171,-77.111702,Relaxed,Charitable food-site,0,AFAC,NA,Food pantry,Weekly,Thursday,11 AM - 12 PM,Year-round,"Supplemental groceries including protien, milk, eggs, fresh produce, and dry goods. Participants can visit this location once a week with a referral. Participants may only choose one AFAC location to pick up food from.",Open to residents of The Carlin Senior Apartments. 1st time visitors must bring a photo ID and proof of address. Obtain a referral from The Carlin Resident Services Coordinator to visit weekly.,1,0,0,1,0,1,0,0,0,1,1,0,0,0,0,0,0,Ballston,"ART 41, 42, 51, 52, 72, 75; Metrobus 1A, 2A, 4B, 10B, 22A, 25B, 38B",Apartments,Charitable food-site with fresh produce
8,Culpepper Gardens Senior Apartments,4435 N Pershing Dr,,Arlington,VA,22203,ARLINGTON,2128.6377,95.857986,38.871029,-77.111229,Relaxed,Charitable food-site,0,AFAC,NA,Food pantry,Every other week,Friday,12:30 - 2 PM,Year-round,"Supplemental groceries including protien, milk, eggs, fresh produce, and dry goods. Participants can visit this location once a week with a referral. Participants may only choose one AFAC location to pick up food from.",Open to residents of Culpepper Gardens Senior Apartments. 1st time visitors must bring a photo ID and proof of address. Obtain a referral from Culpepper Gardens Resident Services Coordinator to visit weekly.,1,0,0,1,0,1,0,0,0,1,1,0,0,0,0,0,0,NA,"ART 41,72; Metrobus 4B, 10B, 22A, 23A",Apartments,Charitable food-site with fresh produce
9,Arlington Mill Community Center (Cop),909 S Dinwiddie St,,Arlington,VA,22204,ARLINGTON,2260.2388,100,38.85667,-77.11264,Exact,Charitable food-site,0,AFAC,NA,Food pantry,Weekly,Monday,9:30 - 11:30 AM,Year-round,"Supplemental groceries including protien, milk, eggs, fresh produce, and dry goods. Participants can visit this location once a week with a referral. Participants may only choose one AFAC location to pick up food from.  Diapers provided at this location,",Open to all residents of the Arlington Mill and Barcroft neighborhoods. 1st time visitors must bring a photo ID and proof of address. Obtain a referral from DHS Community Outreach Program to visit this location weekly.,1,0,0,0,0,0,0,0,0,1,1,NA,1,0,0,0,0,NA,"ART 41, 45, 75; Metrobus 16A/C/E/G/H, 22A",Misc,Charitable food-site with fresh produce
10,Columbia Hills & Columbia Grove Apartments (Apah),1010 S. Frederick St.,,Arlington,VA,22204,ARLINGTON,5544.2275,100,38.853779,-77.115067,Exact,Charitable food-site,0,AFAC,NA,Food pantry,Weekly,Tuesday,1:30 - 3:30 PM,Year-round,"Supplemental groceries including protien, milk, eggs, fresh produce, and dry goods. Participants can visit this location once a week with a referral. Participants may only choose one AFAC location to pick up food from.",Open to APAH residents who live at Columbia Hills or Columbia Grove properties. 1st time visitors must bring a photo ID and proof of address. Obtain a referral from APAH to visit this location weekly.,1,0,0,1,0,0,0,1,0,1,1,NA,0,0,0,0,0,NA,"ART 41, 45, 75; Metrobus 16A/C/E/G/H, 22A, 25B, 28A",Apartments,Charitable food-site with fresh produce
11,The Apex Apartments (Ahc),2910 S. Glebe Rd,,Arlington,VA,22206,ARLINGTON,8306.0059,100,38.844696,-77.069435,Exact,Charitable food-site,0,AFAC,NA,Food pantry,Weekly,Wednesday,9 - 11 AM,Year-round,"Supplemental groceries including protien, milk, eggs, fresh produce, and dry goods. Participants can visit this location once a week with a referral. Participants may only choose one AFAC location to pick up food from.",Open to AHC residents who live at The Apex. 1st time visitors must bring a photo ID and proof of address. Obtain a referral from AHC to visit this location weekly.,1,0,0,1,0,0,0,0,0,1,1,NA,0,0,0,0,0,NA,"ART 87; Metrobus 10A/B, 23A",Apartments,Charitable food-site with fresh produce
12,Whitefield Csc (Wesley Housing),106 N. Thomas St.,,Arlington,VA,22203,ARLINGTON,7877.7622,100,38.871006,-77.104752,Exact,Charitable food-site,0,AFAC,NA,Food pantry,Weekly,Wednesday,10 AM - 12 PM,Year-round,"Supplemental groceries including protien, milk, eggs, fresh produce, and dry goods. Participants can visit this location once a week with a referral. Participants may only choose one AFAC location to pick up food from.",Open to Wesley Housing residents who live at Whitefield or Colonial Village apartments. 1st time visitors must bring a photo ID and proof of address. Obtain a referral from Wesley Housing to visit this location weekly.,1,0,0,1,0,0,0,0,0,1,1,0,0,0,0,0,0,NA,"ART 41,72; Metrobus 4B, 10B, 22A",Apartments,Charitable food-site with fresh produce
13,Woodbury Park & The Frederick Apartments (Ahc),2306 11th St N,,Arlington,VA,22201,ARLINGTON,20378.186,100,38.884693,-77.087158,Exact,Charitable food-site,0,AFAC,NA,Food pantry,Weekly,Thursday,9:30 - 11:30 AM,Year-round,"Supplemental groceries including protien, milk, eggs, fresh produce, and dry goods. Participants can visit this location once a week with a referral. Participants may only choose one AFAC location to pick up food from.",Open to AHC residents who live at Woodbury Park & The Frederick apartments. 1st time visitors must bring a photo ID and proof of address. Obtain a referral from AHC to visit this location weekly.,1,0,0,1,0,0,0,0,0,1,1,NA,0,0,0,0,0,"Clarendon, Courthouse","ART 41, 42, 45,77; Metrobus 4B, 38B",Apartments,Charitable food-site with fresh produce
14,Marbella Apartments (Apah),1301 N. Queen St,,Arlington,VA,22209,ARLINGTON,2062.5278,100,38.889278,-77.077286,Exact,Charitable food-site,0,AFAC,NA,Food pantry,Weekly,Thursday,1:30 - 3:30 PM,Year-round,"Supplemental groceries including protien, milk, eggs, fresh produce, and dry goods. Participants can visit this location once a week with a referral. Participants may only choose one AFAC location to pick up food from.","Open to APAH residents who live at Marbella, Courthouse Crossing, and Parc Rosslyn Apartments. 1st time visitors must bring a photo ID and proof of address. Obtain a referral from APAH to visit this location weekly.",1,0,0,1,0,0,0,1,0,1,1,NA,0,0,0,0,0,Courthouse,"ART 41, 45, 47; Metrobus 4B, 38B",Apartments,Charitable food-site with fresh produce
15,Gates Of Ballston Apartments (Ahc/Cop),4108 4th St N,,Arlington,VA,22203,ARLINGTON,7054.6279,100,38.875378,-77.107491,Exact,Charitable food-site,0,AFAC,NA,Food pantry,Weekly,Friday,11:30 AM - 2:30 PM,Year-round,"Supplemental groceries including protien, milk, eggs, fresh produce, and dry goods. Participants can visit this location once a week with a referral. Participants may only choose one AFAC location to pick up food from.",Open to all residents of the Buckingham. 1st time visitors must bring a photo ID and proof of address. Obtain a referral from DHS Community Outreach Program or AHC Resident Services to visit this location weekly.,1,0,0,0,0,0,0,0,0,1,1,NA,0,0,0,0,0,NA,"ART 41, 42, 72, 75; Metrobus 1A, 4B, 10B, 22A, 23A, 25B",Apartments,Charitable food-site with fresh produce
16,Community Church Of God,790 South Carlin Springs Road,,Arlington,VA,22204,ARLINGTON,1586.0214,98.99408,38.857002,-77.125969,Relaxed,Charitable food-site,0,Arlington Bridge Builders,Community Church of God,Food pantry,3 times weekly. Participants can come once a week.,"Wed, Thurs, Fri",10 AM - 5 PM (by appointment),Year-round,Visitors receive a box worth of pantry staples. Occasionally other items such as meat and vegetables are available. Families can come weekly as needed. Call or text the food pantry manager to set up an appointment or arrange for delivery if needed.,Open to all,0,1,0,0,0,0,0,1,0,1,0,NA,0,0,1,0,0,NA,"ART 41, 45, 75; Metrobus 16A/C/E/G/H, 25B, 28A",Church/Mosque/Community Center,Charitable food-site without fresh produce
17,Courthouse Parking Lot,1400 N. Courthouse Rd.,,Arlington,VA,22201,ARLINGTON,6058556.5,60,38.887344,-77.098839,Relaxed;Soundex,Charitable food-site,1,Arlington Courthouse Farmer's Market,FreshFarm,Discount grocery pick-up site,Weekly,Saturday,9 AM - 12 PM (Jan - Mar)8:30 - 12:30 (Apr - Dec),Year-round,"All FRESHFARM markets accept SNAP/EBT, WIC and Senior FMNP checks. FRESH Match provides a dollar-for-dollar match on all federal benefits spent at market.",NA,0,1,1,0,0,0,0,0,0,1,1,0,0,0,0,0,0,Courthouse,"ART 41, 43, 45, 55, 77; Metrobus 4B, 38B",Misc,Charitable food-site with fresh produce
18,Abingdon Elementary School,3035 South Abingdon St.,,Arlington,VA,22206,ARLINGTON,43251.676,99,38.839653,-77.096222,Relaxed,Charitable food-site,0,Arlington Public Schools,NA,School meals,3 times weekly,"Mon/Wed/Fri, July 7 until school starts",11 AM - 12 PM,July 7 until school starts,"Two breakfasts and two lunches are provided, including one hot lunch for children under 18. All meals include milk, fruits or vegetables and whole grains. Pickup meals at the tables outside the school entrance.",Child under 18,1,1,1,0,1,0,0,0,1,0,1,0,0,0,0,0,0,NA,"ART 72, 77; Metrobus 7A/F/Y, 22A",School,Charitable food-site with fresh produce
19,Arlington Career Center,816 S. Walter Reed Dr.,,Arlington,VA,22204,ARLINGTON,4240.4282,100,38.865494,-77.087738,Exact,Charitable food-site,0,Arlington Public Schools,NA,School meals,3 times weekly,"Mon/Wed/Fri, July 7 until school starts",11 AM - 12 PM,July 7 until school starts,"Two breakfasts and two lunches are provided, including one hot lunch for children under 18. All meals include milk, fruits or vegetables and whole grains. Pickup meals at the tables outside the school entrance.",Child under 18,1,1,1,0,1,0,0,0,1,0,1,0,0,0,0,0,0,NA,"ART 41, 42, 45, 77; Metrobus 10B, 16A/C/E/G/H, 23A,",Misc,Charitable food-site with fresh produce
20,Ashlawn Elementary School,5950 8th Rd. N.,,Arlington,VA,22205,ARLINGTON,7932.7231,100,38.873436,-77.135887,Exact,Charitable food-site,0,Arlington Public Schools,NA,School meals,3 times weekly,"Mon/Wed/Fri, July 7 until school starts",11 AM - 12 PM,July 7 until school starts,"Two breakfasts and two lunches are provided, including one hot lunch for children under 18. All meals include milk, fruits or vegetables and whole grains. Pickup meals at the tables outside the school entrance.",Child under 18,1,1,1,0,1,0,0,0,1,0,1,0,0,0,0,0,0,NA,Metrobus 1A,School,Charitable food-site with fresh produce
21,Barcroft Elementary School,625 S. Wakefield St.,,Arlington,VA,22204,ARLINGTON,20742.229,99,38.861908,-77.107445,Relaxed,Charitable food-site,0,Arlington Public Schools,NA,School meals,3 times weekly,"Mon/Wed/Fri, July 7 until school starts",11 AM - 12 PM,July 7 until school starts,"Two breakfasts and two lunches are provided, including one hot lunch for children under 18. All meals include milk, fruits or vegetables and whole grains. Pickup meals at the tables outside the school entrance.",Child under 18,1,1,1,0,1,0,0,0,1,0,1,0,0,0,0,0,0,NA,"ART 41,72; Metrobus 16A/C/E/G/H, 22A",School,Charitable food-site with fresh produce
22,Barrett Elementary School,4401 N. Henderson Rd.,,Arlington,VA,22203,ARLINGTON,19912.406,100,38.87302,-77.112411,Exact,Charitable food-site,0,Arlington Public Schools,NA,School meals,3 times weekly,"Mon/Wed/Fri, July 7 until school starts",11 AM - 12 PM,July 7 until school starts,"Two breakfasts and two lunches are provided, including one hot lunch for children under 18. All meals include milk, fruits or vegetables and whole grains. Pickup meals at the tables outside the school entrance.",Child under 18,1,1,1,0,1,0,0,0,1,0,1,0,0,0,0,0,0,NA,"ART 41; Metrobus 4B, 10B, 22A, 22A/B,23T, 25B",School,Charitable food-site with fresh produce
23,Campbell Elementary School,737 S. Carlin Springs Rd.,,Arlington,VA,22204,ARLINGTON,34321.418,99,38.85836,-77.125496,Relaxed,Charitable food-site,0,Arlington Public Schools,NA,School meals,3 times weekly,"Mon/Wed/Fri, July 7 until school starts",11 AM - 12 PM,July 7 until school starts,"Two breakfasts and two lunches are provided, including one hot lunch for children under 18. All meals include milk, fruits or vegetables and whole grains. Pickup meals at the tables outside the school entrance.",Child under 18,1,1,1,0,1,0,0,0,1,0,1,0,0,0,0,0,0,NA,"ART 41, 45; Metrobus 16A/C/E/G, 25B, 28A",School,Charitable food-site with fresh produce
24,Dr. Charles R. Drew Elementary School,3500 South 23rd St.,,Arlington,VA,22206,ARLINGTON,2234.0547,99.349113,38.848999,-77.085747,Relaxed,Charitable food-site,0,Arlington Public Schools,NA,School meals,3 times weekly,"Mon/Wed/Fri, July 7 until school starts",11 AM - 12 PM,July 7 until school starts,"Two breakfasts and two lunches are provided, including one hot lunch for children under 18. All meals include milk, fruits or vegetables and whole grains. Pickup meals at the tables outside the school entrance.",Child under 18,1,1,1,0,1,0,0,0,1,0,1,0,0,0,0,0,0,NA,"ART 84, 87; Metrobus 10B, 23 A/B/T",School,Charitable food-site with fresh produce
25,Glebe Elementary School,1770 N. Glebe Rd.,,Arlington,VA,22207,ARLINGTON,28346.348,100,38.89238,-77.121429,Exact,Charitable food-site,0,Arlington Public Schools,NA,School meals,3 times weekly,"Mon/Wed/Fri, July 7 until school starts",11 AM - 12 PM,July 7 until school starts,"Two breakfasts and two lunches are provided, including one hot lunch for children under 18. All meals include milk, fruits or vegetables and whole grains. Pickup meals at the tables outside the school entrance.",Child under 18,1,1,1,0,1,0,0,0,1,0,1,0,0,0,0,0,0,NA,"ART 52, 55, 72; Metrobus 23A/T",School,Charitable food-site with fresh produce
26,Gunston Middle School,2700 S. Lang St.,,Arlington,VA,22206,ARLINGTON,79579.867,99,38.847958,-77.068733,Relaxed,Charitable food-site,0,Arlington Public Schools,NA,School meals,3 times weekly,"Mon/Wed/Fri, July 7 until school starts",11 AM - 12 PM,July 7 until school starts,"Two breakfasts and two lunches are provided, including one hot lunch for children under 18. All meals include milk, fruits or vegetables and whole grains. Pickup meals at the tables outside the school entrance.",Child under 18,1,1,1,0,1,0,0,0,1,0,1,0,0,0,0,0,0,NA,"ART 87; Metrobus 10A/B, 23A/B",School,Charitable food-site with fresh produce
27,Hoffman-Boston Elementary School,1415 S. Queen St.,,Arlington,VA,22204,ARLINGTON,1718.7273,100,38.861538,-77.072533,Exact,Charitable food-site,0,Arlington Public Schools,NA,School meals,3 times weekly,"Mon/Wed/Fri, July 7 until school starts",11 AM - 12 PM,July 7 until school starts,"Two breakfasts and two lunches are provided, including one hot lunch for children under 18. All meals include milk, fruits or vegetables and whole grains. Pickup meals at the tables outside the school entrance.",Child under 18,1,1,1,0,1,0,0,0,1,0,1,0,0,0,0,0,0,NA,"ART 42; Metrobus 16A/C/E/G,",School,Charitable food-site with fresh produce
28,Kenmore Middle School,200 S. Carlin Springs Rd.,,Arlington,VA,22204,ARLINGTON,2056.96,100,38.864498,-77.128815,Exact,Charitable food-site,0,Arlington Public Schools,NA,School meals,3 times weekly,"Mon/Wed/Fri, July 7 until school starts",11 AM - 12 PM,July 7 until school starts,"Two breakfasts and two lunches are provided, including one hot lunch for children under 18. All meals include milk, fruits or vegetables and whole grains. Pickup meals at the tables outside the school entrance.",Child under 18,1,1,1,0,1,0,0,0,1,0,1,0,0,0,0,0,0,NA,"Art 75; Metrobus 4B, 25B",School,Charitable food-site with fresh produce
29,Randolph Elementary School,1306 S. Quincy St.,,Arlington,VA,22204,ARLINGTON,3487.4409,100,38.856964,-77.097961,Exact,Charitable food-site,0,Arlington Public Schools,NA,School meals,3 times weekly,"Mon/Wed/Fri, July 7 until school starts",11 AM - 12 PM,July 7 until school starts,"Two breakfasts and two lunches are provided, including one hot lunch for children under 18. All meals include milk, fruits or vegetables and whole grains. Pickup meals at the tables outside the school entrance.",Child under 18,1,1,1,0,1,0,0,0,1,0,1,0,0,0,0,0,0,NA,"ART 41, 45, 72, 84; Metrobus 16A/C/E/G/H, 22A/B",School,Charitable food-site with fresh produce
30,The Heights,1601 Wilson Blvd.,,Arlington,VA,22209,ARLINGTON,10382.041,100,38.894833,-77.077614,Exact,Charitable food-site,0,Arlington Public Schools,NA,School meals,3 times weekly,"Mon/Wed/Fri, July 7 until school starts",11 AM - 12 PM,July 7 until school starts,"Two breakfasts and two lunches are provided, including one hot lunch for children under 18. All meals include milk, fruits or vegetables and whole grains. Pickup meals at the tables outside the school entrance.",Child under 18,1,1,1,0,1,0,0,0,1,0,1,0,0,0,0,0,0,Rosslyn/Courthouse,"ART 41, 45, 55, 77; Metrobus 4B, 5A, 38B",Apartments,Charitable food-site with fresh produce
31,Yorktown High School,5200 Yorktown Blvd.,,Arlington,VA,22207,ARLINGTON,7224.0083,97.928993,38.903469,-77.139427,Relaxed,Charitable food-site,0,Arlington Public Schools,NA,School meals,3 times weekly,"Mon/Wed/Fri, July 7 until school starts",11 AM - 12 PM,July 7 until school starts,"Two breakfasts and two lunches are provided, including one hot lunch for children under 18. All meals include milk, fruits or vegetables and whole grains. Pickup meals at the tables outside the school entrance.",Child under 18,1,1,1,0,1,0,0,0,1,0,1,0,0,0,0,0,0,NA,ART 52,School,Charitable food-site with fresh produce
32,Salvation Army Of Arlington,518 S. Glebe Rd,,Arlington,VA,22204,ARLINGTON,2839.9529,99,38.866489,-77.095398,Relaxed,Charitable food-site,0,Arlington Salvation Army,NA,Food pantry,Weekly. Participants can come once a month,Thursday,9:30-11:30 AM and 1:30-3:30 PM,Year-round,"Regular offerings include cereal, rice, beans, canned vegetables, pasta. Occasionally also have protein, eggs, and fresh produce. Registered clients can come once per month. Also provides diapers.","Bring photo ID on first visit, and fill out an application. Must live in Virginia. To receive diapers, bring an identification for the child (birth certificate, social security card, insurance card, etc.)",1,0,0,0,0,0,0,0,0,1,1,0,1,0,1,0,0,NA,"ART 41, 77; Metrobus 10B 23A/B/T",Misc,Charitable food-site with fresh produce
33,Welburn Square,901 N Taylor St,,Arlington,VA,22203,ARLINGTON,5087.0073,96.00592,38.881142,-77.112495,Relaxed,Charitable food-site,1,Ballston Farmer's Market,FreshFarm,Discount grocery pick-up site,Weekly,Thursday,3 - 7 PM,April 1 - Nov. 18,"All FRESHFARM markets accept SNAP/EBT, WIC and Senior FMNP checks. FRESH Match provides a dollar-for-dollar match on all federal benefits spent at market.",NA,0,0,1,0,0,0,0,0,0,1,1,0,0,0,0,0,0,NA,"ART 41, 42, 51; Metrobus 1A, 2A, 10B, 22A, 23A/B/T, 25B, 38B",Misc,Charitable food-site with fresh produce
34,Arlington Mill Community Center,909 S Dinwiddie St,,Arlington,VA,22204,ARLINGTON,2260.2388,100,38.85667,-77.11264,Exact,Charitable food-site,0,Capital Area Food Bank,NA,Food pantry,Monthly,3rd Saturday of the month,0.375,Year-round,"Fresh produce and shelf stable pantry items. First come, first served.",Open to all,0,1,1,0,0,0,0,0,0,1,1,0,0,0,0,0,0,NA,"ART 41, 45, 75; Metrobus 16A/C/E/G/H, 22A",Misc,Charitable food-site with fresh produce
35,Women'S Club Of Arlington,700 S Buchanan St,,Arlington,VA,22204,ARLINGTON,2694.7407,99,38.86005,-77.110588,Relaxed,Charitable food-site,0,Capital Area Food Bank,Communities in Schools of Northern Virginia,Food pantry,Monthly,2nd Thursday of the month,3 - 5 PM,Year-round,"Fresh produce and shelf stable pantry items. First come, first served.",Open to all,0,1,1,0,0,0,0,0,0,1,1,NA,0,0,0,0,0,NA,"ART 41, 45, 75; Metrobus 16A/C/E/G/H, 22A",Misc,Charitable food-site with fresh produce
36,Joint Base Myer-Henderson Hall Community Center,228 McNair Rd,,Arlington,VA,22211,ARLINGTON,11603.082,100,38.879772,-77.080238,Exact,Charitable food-site,0,Capital Area Food Bank,USO,Food pantry,Monthly,3rd Thursday of the Month,"11:30 AM-1:30 PM11:30 AM - 12:30 PM Active Duty12:30 - 1:30 PM Retirees, veterans, and families",Year-round,Fresh produce and shelf stable pantry items,"Active Duty military, veterans and their families. Must show ID to get on post.",1,0,1,0,0,0,0,0,0,1,1,0,0,0,0,0,0,NA,"ART 42, 47 (across Rt. 50)",Misc,Charitable food-site with fresh produce
37,Cathedral Of St. Thomas More,3901 Cathedral Ln,,Arlington,VA,22203,ARLINGTON,6734.0107,97.928993,38.870781,-77.102669,Relaxed,Charitable food-site,0,Capital Area Food Bank,NA,Food pantry,Monthly,3rd Thursday of the Month,5 - 7 PM,Year-round,"Fresh produce and shelf stable pantry items. First come, first served.",Open to all,0,1,1,0,0,0,0,0,0,1,1,0,0,0,0,0,0,NA,"ART 41, 72; Metrobus 4B, 10B, 22A, 23A/B/T",Church/Mosque/Community Center,Charitable food-site with fresh produce
38,Mt. Olive Baptist Church,1601 13th Rd. S,,Arlington,VA,22204,ARLINGTON,2410.9075,100,38.86256,-77.070778,Exact,Charitable food-site,0,Capital Area Food Bank,NA,Food pantry,Monthly,3rd Saturday of the month,10 AM - 12 PM,Year-round,"Fresh produce and shelf stable pantry items. First come, first served.",Open to all,0,1,1,0,0,0,0,0,0,1,1,0,0,0,0,0,0,NA,"ART 42; Metrobus 16A/C/E/G/H,",Church/Mosque/Community Center,Charitable food-site with fresh produce
39,Lockwood Elmwood House Apartments,600 N Madison St,,Arlington,VA,22203,ARLINGTON,6824.7231,100,38.869762,-77.141731,Exact,Charitable food-site,0,Senior Brown Bag Program by Capital Area Food Bank,NA,Food pantry,Monthly,3rd Tuesday of the month,NA,Year-round,"Senior Brown Bag Program - A 9-10 lb bag of dry goods (canned fruits/vegetables, grains, canned protein), a fresh produce item and a cold or frozen protein item (eggs, frozen meat or fish) when available. Distributes USDA commodities through the TEFAP pr",Open to senior residents of this apartment building that are income eligible.,1,0,0,1,0,1,1,0,0,1,1,0,0,0,0,0,0,NA,"Metrobus 1A, 4B",Apartments,Charitable food-site with fresh produce
40,Colonial Village West,2111 Key Blvd,,Arlington,VA,22201,ARLINGTON,3028.6331,97.928993,38.893799,-77.084938,Relaxed,Charitable food-site,0,Senior Brown Bag Program by Capital Area Food Bank,NA,Food pantry,Monthly,3rd Wednesday of the month,NA,Year-round,"Senior Brown Bag Program - A 9-10 lb bag of dry goods (canned fruits/vegetables, grains, canned protein), a fresh produce item and a cold or frozen protein item (eggs, frozen meat or fish) when available. Distributes USDA commodities through the TEFAP pr",Open to senior residents of this apartment building that are income eligible.,0,0,0,0,0,0,0,0,0,0,0,0,0,0,0,0,0,Courthouse,"ART 55, Metrobus 4B, 38B",Apartments,Charitable food-site without fresh produce
41,Hunters Park Senior Apartments (Ahc),2021 N. Nelson St,,Arlington,VA,22207,ARLINGTON,5295.7476,100,38.895271,-77.105171,Exact,Charitable food-site,0,Senior Brown Bag Program by Capital Area Food Bank,NA,Food pantry,Monthly,3rd Wednesday of the month,NA,Year-round,"Senior Brown Bag Program - A 9-10 lb bag of dry goods (canned fruits/vegetables, grains, canned protein), a fresh produce item and a cold or frozen protein item (eggs, frozen meat or fish) when available. Distributes USDA commodities through the TEFAP pr",Open to senior residents of this apartment building that are income eligible.,0,0,0,0,0,0,0,0,0,0,0,0,0,0,0,0,0,NA,ART 55,Apartments,Charitable food-site without fresh produce
42,Harvey Hall Apartments,860 S Greenbrier St,,Arlington,VA,22204,ARLINGTON,560.57361,95.325447,38.878029,-77.125893,Relaxed,Charitable food-site,0,Senior Brown Bag Program by Capital Area Food Bank,NA,Food pantry,Monthly,4th Wednesday of the month,NA,Year-round,"Senior Brown Bag Program - A 9-10 lb bag of dry goods (canned fruits/vegetables, grains, canned protein), a fresh produce item and a cold or frozen protein item (eggs, frozen meat or fish) when available. Distributes USDA commodities through the TEFAP pr",Open to senior residents of this apartment building that are income eligible.,0,0,0,0,0,0,0,0,0,0,0,0,0,0,0,0,0,NA,"ART 41, 45; Metrobus 16A/C/E/G/H, 25B, 28A",Apartments,Charitable food-site without fresh produce
43,The Shelton (Ahc),3215 24th St S,,Arlington,VA,22206,ARLINGTON,1601.3018,100,38.848637,-77.08419,Exact,Charitable food-site,0,Senior Brown Bag Program by Capital Area Food Bank,NA,Food pantry,Monthly,4th Wednesday of the month,NA,Year-round,"Senior Brown Bag Program - A 9-10 lb bag of dry goods (canned fruits/vegetables, grains, canned protein), a fresh produce item and a cold or frozen protein item (eggs, frozen meat or fish) when available. Distributes USDA commodities through the TEFAP pr",Open to senior residents of this apartment building that are income eligible.,0,0,0,0,0,0,0,0,0,0,0,0,0,0,0,0,0,NA,"ART 75, 77, 84, 87; Metrobus 10B, 23A/B/T",Apartments,Charitable food-site without fresh produce
44,Claremont Elementary School,4700 S Chesterfield Rd,,Arlington,VA,22206,ARLINGTON,59887.516,99,38.847775,-77.105263,Relaxed,Charitable food-site,0,Claremont Elementary School PTA,NA,Food pantry,Once every 3 weeks,Monday,4 - 5:30 PM,Year-round,NA,A child enrolled at Claremont Immersion School,1,1,0,1,1,0,0,0,0,1,0,NA,0,0,0,0,0,NA,"ART 72, 75; Metrobus 22A",School,Charitable food-site without fresh produce
45,Gilliam Place,918 S Lincoln St,,Arlington,VA,22204,ARLINGTON,3324.3198,100,38.86208,-77.093399,Exact,Charitable food-site,0,CPRO,Arlington Presbyterian Church,Food pantry,Weekly,NA,NA,April-October,NA,NA,1,0,0,1,0,0,0,0,0,1,1,0,0,0,0,0,0,NA,"ART 41, 45; Metrobus 16E/G/H, 23A/B/T",Apartments,Charitable food-site with fresh produce
46,Fillmore Shopping Center Parking Lot,2705 Columbia Pike,,Arlington,VA,22204,ARLINGTON,2833.1228,97.928993,38.862965,-77.085815,Relaxed,Charitable food-site,1,Columbia Pike Farmer's Market,CPRO,Discount grocery pick-up site,Weekly,Sunday,8:30 - 11:30 AM,Year-round,The Columbia Pike Farmers Market partners with the INOVA Health Foundation to provide the SNAP Double Dollars Program. Shoppers using their Viriginia EBT card can receive up to $20 in matching funds for use at the market.,NA,0,1,1,0,0,0,0,0,0,1,1,0,0,0,0,0,0,NA,"ART 41, 42, 45, 77; Metrobus 16A/C/E/G, 23A/B/T",Misc,Charitable food-site with fresh produce
47,Crystal City Courtyard Green,2011 Crystal Dr,,Arlington,VA,22202,ARLINGTON,12749.59,100,38.855671,-77.04866,Exact,Charitable food-site,1,Crystal City Farmer's Market,FreshFarm,Discount grocery pick-up site,Weekly,Tuesday,3 - 7 PM,April 6 - Nov. 23,"All FRESHFARM markets accept SNAP/EBT, WIC and Senior FMNP checks. FRESH Match provides a dollar-for-dollar match on all federal benefits spent at market.",NA,0,1,1,0,0,0,0,0,0,1,1,0,0,0,0,0,0,Crystal City,"ART 43; Metrobus 10A, 23A/B",Misc,Charitable food-site with fresh produce
48,Dar Al-Hijrah Islamic Center,3159 Row St.,,Arlington,VA,22044,ARLINGTON,13206.809,96,38.86166,-77.146461,Relaxed,Charitable food-site,0,Dar Al-Hijrah Islamic Center,NA,Food pantry,Weekly,Thursday,9 - 11 AM,Year-round,"Supplemental groceries usually including bread, produce, shelf-stable food items and halal meat.",Open to All,0,1,0,0,0,0,0,1,0,1,1,NA,0,0,1,1,0,NA,"Metrobus 1A, 4B, 28A",Misc,Charitable food-site with fresh produce
49,Columbia Knoll Condos,750 S Dickerson St,,Arlington,VA,22204,ARLINGTON,1453.1206,100,38.858624,-77.114998,Exact,Charitable food-site,0,Food For Others,NA,Food pantry,Twice weekly,"Monday, Tuesday",0.75,Year-round,Produce donated from grocery stores and shelf stable pantry items.,Open to all,0,1,1,0,0,0,0,0,0,1,1,0,0,0,0,0,0,NA,"ART 41, 45, 75; Metrobus 16A/C/E/G/H, 22A",Apartments,Charitable food-site with fresh produce
50,Barcroft Recycling Center Parking Lot,Corner of Columbia Pike & Four Mile Run Dr/South Buchanan St.,,Arlington,VA,22204,ARLINGTON,10647709,60,38.859707,-77.095604,Relaxed;Soundex,Charitable food-site,0,Food For Others,NA,Food pantry,Twice weekly,"Monday, Tuesday",0.770833333,Year-round,Produce donated from grocery stores and shelf stable pantry items.,Open to all,0,1,1,0,0,0,0,0,0,1,1,0,0,0,0,0,0,NA,"ART 41, 45; Metrobus 16A/C/E/G/H, 22A",Misc,Charitable food-site with fresh produce
51,Gunston Middle School (Entrance Near Soccer Field),2700 S Lang St,,Arlington,VA,22206,ARLINGTON,79579.867,99,38.847958,-77.068733,Relaxed,Charitable food-site,0,Food For Others,NA,Food pantry,Weekly,Tuesday,0.75,Year-round,Produce donated from grocery stores and shelf stable pantry items.,Open to all,0,1,1,0,0,0,0,0,0,1,1,0,0,0,0,0,0,NA,"ART 87; Metrobus 10A/B, 23A/B",School,Charitable food-site with fresh produce
52,Gajin Ramen Shop,3800 Lee Highway,,Arlington,VA,22207,ARLINGTON,1552.5962,100,38.896339,-77.106499,Exact,Charitable food-site,0,Gajin Ramen Shop,NA,Prepared meals/Meal kits,Upon Request,Upon Request,N/A,Year-round,Hot vegetable ramen soup available for pickup for free for elderly who have limited resources.,Elderly in need.,1,0,1,0,0,1,0,0,1,0,0,0,0,0,0,0,0,NA,ART 55,Misc,Charitable food-site without fresh produce
53,Good Company Doughnuts & Café,672 N. Glebe Road,,Arlington,VA,22203,ARLINGTON,3305.2668,100,38.878494,-77.111671,Exact,Charitable food-site,0,Good Company Doughnuts & Café,NA,Prepared meals/Meal kits,Upon Request,Upon Request,N/A,Year-round,Free lunches for school-aged kids in need and free delivery for seniors.,School aged child or elderly,1,1,1,0,1,1,0,0,1,0,0,0,0,0,0,0,0,Ballston,"ART 41, 42, 51, 72, 75; Metrobus 1A, 2A, 10B, 22A, 23B/T, 25B, 38B",Misc,Charitable food-site without fresh produce
54,Baitul Mukarram Masjid,2116 South Nelson Street,,Arlington,VA,22204,ARLINGTON,733.36609,99,38.849579,-77.090553,Relaxed,Charitable food-site,0,ICNA Relief,NA,Food pantry,Monthly,2nd Friday of the month,1 - 2 PM,Year-round,NA,Open to all,0,1,0,0,0,0,0,0,0,1,0,NA,0,0,0,0,0,NA,"ART 77, 84; Metrobus 10B, 23A/B/T",Church/Mosque/Community Center,Charitable food-site without fresh produce
55,Dhic,824 S. Quincy St.,,Arlington,VA,22204,ARLINGTON,547.87158,99,38.861706,-77.09996,Relaxed,Charitable food-site,0,ICNA Relief,NA,Food pantry,Monthly,1st Friday of the month,1 - 2 PM,Year-round,NA,Open to all,0,1,0,0,0,0,0,0,0,1,0,NA,0,0,0,0,0,NA,"ART 41, 45, 72; Metrobus 16A/C/E/G/H, 22A, 23A/B/T",Church/Mosque/Community Center,Charitable food-site without fresh produce
56,Na,2912 Woodlawn Trail,,Arlington,VA,22306,ARLINGTON,1897.3732,96,38.751759,-77.082214,Relaxed,Charitable food-site,0,ICNA Relief,NA,Food pantry,Twice Monthly,Usually 1st & 3rd Thursday,2pm,Year-round,NA,Open to all,0,1,0,0,0,0,0,0,0,1,0,NA,0,0,0,0,0,NOT ARLINGTON,NA,Misc,Charitable food-site without fresh produce
57,Harvey Hall,860 S Greenbrier St,,Arlington,VA,22204,ARLINGTON,560.57361,95.325447,38.878029,-77.125893,Relaxed,Charitable food-site,0,Kenmore Wednesday Moms,NA,Food pantry,Monthly,Last Friday of the month,By appointment,Year-round,"Regular offerings include rice, beans, corn flour, and oil.",Call Janeth to get added to the list.,0,1,0,0,0,0,0,1,0,1,0,NA,0,0,0,0,0,NA,"ART 41, 45; Metrobus 16A/C/E/G/H, 25B, 28A",Apartments,Charitable food-site without fresh produce
58,Central Library,1015 N. Quincy St,,Arlington,VA,22201,ARLINGTON,7421.0908,100,38.883434,-77.107269,Exact,Charitable food-site,0,Little Free Pantry,NA,Food pantry,NA,NA,NA,Year-round,Container outside Central Library is stocked with shelf-stable foods. Take what you need.,None. Open to all,0,1,1,0,0,0,0,0,0,1,0,0,0,0,0,0,0,NA,"ART 42, 51, 52, 72, 75; Metrobus 1A, 2A, 10B, 22A, 23A/B/T, 25B 38B",Misc,Charitable food-site without fresh produce
59,Lomax Ame Zion Church,2704 24th Rd S,,Arlington,VA,22206,ARLINGTON,7685.5771,100,38.847946,-77.081642,Exact,Charitable food-site,0,LOMAX AME Zion Church,NA,Food pantry,By Appointment,By Appointment,By Appointment,Year-round,Shelf stable food items.,Open to all,0,1,1,0,0,0,0,0,0,1,0,0,0,0,0,0,0,NA,"ART 75, 84, 87/A/P; Metrobus 10B, 23A/B/T",Church/Mosque/Community Center,Charitable food-site without fresh produce
60,Our Lady Queen Of Peace Catholic Church,2700 19th St S,,Arlington,VA,22204,ARLINGTON,3420.8645,100,38.854359,-77.082886,Exact,Charitable food-site,0,Our Lady Queen of Peace Catholic Church,NA,Food pantry,Weekly,Wednesday,8:30-11:30 AM,Year-round,"Regular offerings include rice, beans, pasta, pasta sauce, mac & cheese. Alternating weeks also provides oil and eggs or corn flour (maseca) and tuna. Fresh produce provided when available. Also have Gabriel Program w/ services for pregnant/new parents an",Open to all,0,0,1,0,0,0,0,1,0,1,1,NA,1,0,1,1,1,NA,"ART 77, 84; Metrobus 10B, 23A/B/T",Church/Mosque/Community Center,Charitable food-site with fresh produce
61,Randolph Elementary School,1306 S Quincy St,,Arlington,VA,22204,ARLINGTON,3487.4409,100,38.856964,-77.097961,Exact,Charitable food-site,0,Randolph Elementary School PTA,NA,Food pantry,Once every 3 weeks,Friday,4 - 6 PM,"July 9, July 30, August 20","Regular offerings include rice, beans, pasta, pasta sauce, tortillas, taco seasoning, canned vegetables or fruit, instant oatmeal, granola bars, canned tuna. Additional items, including fresh produce also provided and vary by week.",Child enrolled at Randolph ES,1,1,0,1,1,0,0,0,0,1,0,NA,0,0,0,0,0,NA,"ART 41, 45, 72, 84; Metrobus 16A/C/E/G/H, 22A/B",School,Charitable food-site without fresh produce
62,Gates Of Ballston Apartments (Ahc),4108 4th St N,,Arlington,VA,22204,ARLINGTON,7054.6279,96.00592,38.875378,-77.107491,Relaxed,Charitable food-site,0,Real Food For Kids,AHC,Prepared meals/Meal kits,Weekly,Tuesday,0.6875,Year-round,Plant-based meals for the whole family made by restaurant chefs.,Open to AHC residents at this location. Contact AHC resident services to enroll.,1,1,0,1,0,0,0,1,1,0,0,NA,0,0,0,0,0,NA,"ART 41, 42, 72; Metrobus 1A, 4B, 10B, 22A, 23B/T, 25B",Apartments,Charitable food-site without fresh produce
63,The Shelton (Ahc),3215 24th St S,,Arlington,VA,22206,ARLINGTON,1601.3018,100,38.848637,-77.08419,Exact,Charitable food-site,0,Real Food For Kids,AHC,Prepared meals/Meal kits,Weekly,Thursday,0.6875,Year-round,Plant-based meals for the whole family made by restaurant chefs.,Open to AHC residents at this location. Contact AHC resident services to enroll.,1,1,0,1,0,0,0,1,1,0,0,NA,0,0,0,0,0,NA,"ART 75, 77, 84, 87; Metrobus 10B, 23A/B/T",Apartments,Charitable food-site without fresh produce
64,Virginia Gardens (Ahc),1718 S Taylor St,,Arlington,VA,22204,ARLINGTON,8730.9463,100,38.851681,-77.100327,Exact,Charitable food-site,0,Real Food For Kids,AHC,Prepared meals/Meal kits,Weekly,Thursday,0.708333333,Year-round,Plant-based meals for the whole family made by restaurant chefs.,Open to AHC residents at this location. Contact AHC resident services to enroll.,1,1,0,1,0,0,0,1,1,0,0,NA,0,0,0,0,0,NA,"ART 45, 72, 77; Metrobus 22A",Apartments,Charitable food-site without fresh produce
65,The Serrano (Ahc),5535 Columbia Pike,,Arlington,VA,22204,ARLINGTON,5695.4551,100,38.853752,-77.119362,Exact,Charitable food-site,0,Real Food For Kids,AHC,Prepared meals/Meal kits,Weekly,Tuesday,0.708333333,Year-round,Plant-based meals for the whole family made by restaurant chefs.,Open to AHC residents at this location. Contact AHC resident services to enroll.,1,1,0,1,0,0,0,1,1,0,0,NA,0,0,0,0,0,NA,"ART 41, 45, 75; Metrobus 16A/C/E/G/H, 25B, 28A",Apartments,Charitable food-site without fresh produce
66,Virginia Hospital Center Pediatrics,"3401 Columbia Pike, Suite 200",,Arlington,VA,22204,ARLINGTON,5685.7485,99,38.861767,-77.092545,Relaxed,Charitable food-site,0,Real Food For Kids,Virginia Hospital Center Pediatric Clinic,Prepared meals/Meal kits,Weekly,Tuesday,0.708333333,Year-round,Plant-based meals for the whole family made by restaurant chefs.,"Open to VHC Pediatrics clients. Contact provider, Jenny Reyes or Diana Rodriguez to enroll.",1,1,0,1,1,0,0,1,1,0,0,NA,0,0,0,0,0,NA,"ART 41, 45, 75; Metrobus 10B, 16A/C/E/G/H, 23A/B/T",Misc,Charitable food-site without fresh produce
67,Abingdon Elementary School,3035 South Abingdon St.,,Arlington,VA,22206,ARLINGTON,43251.676,99,38.839653,-77.096222,Relaxed,Charitable food-site,0,Real Food For Kids,Abingdon Elementary School PTA,Prepared meals/Meal kits,Weekly,Wednesday,0.677083333,Year-round,Plant-based meals for the whole family made by restaurant chefs.,"Open to Abingdon Elementary School families. Contact Abingdon school social worker, Margarita Zwisler, to sign up.",1,1,0,1,1,0,0,1,1,0,0,NA,0,0,0,0,0,NA,"ART 72, 77; Metrobus 7A/F/Y, 22A",School,Charitable food-site without fresh produce
68,Abingdon Elementary School,3035 South Abingdon St.,,Arlington,VA,22206,ARLINGTON,43251.676,99,38.839653,-77.096222,Relaxed,Charitable food-site,0,Real Food For Kids,Abingdon Elementary School PTA,Prepared meals/Meal kits,Weekly,Wednesday,0.677083333,Year-round,Meal kits with fresh produce and recipes that are enough to make 16 meals,"Open to Abingdon Elementary School families. Contact Abingdon school social worker, Margarita Zwisler, to sign up.",1,1,0,1,1,0,0,1,0,0,0,NA,0,0,0,0,0,NA,NA,School,Charitable food-site without fresh produce
69,Carlin Springs Elementary Schools,5995 5th Rd S,,Arlington,VA,22204,ARLINGTON,1743.4603,100,38.86182,-77.131783,Exact,Charitable food-site,0,Real Food For Kids,Carlin Springs Elementary Schools,Prepared meals/Meal kits,Bi-weekly,Wednesday,0.708333333,Year-round,Meal kits with fresh produce and recipes that are enough to make 16 meals,Open to CSES famiiles only. Contact Carol Sabatino for more information,1,1,0,1,1,0,0,1,0,0,0,NA,0,0,0,0,0,NA,NA,School,Charitable food-site without fresh produce
70,Colonial Village Apartments,48 N. 18th Street,,Arlington,VA,22201,ARLINGTON,6058556.5,60,38.887344,-77.098839,Relaxed;Soundex,Charitable food-site,0,Real Food For Kids,Colonial Village Apartments,Prepared meals/Meal kits,Weekly,Tuesday,0.625,Year-round,Plant-based meals for the whole family made by restaurant chefs.,Open to Colonial Village families only. Contact Abby Gurara for more information,1,1,0,1,1,0,0,1,1,0,0,NA,0,0,0,0,0,NA,NA,Apartments,Charitable food-site without fresh produce
71,Central Place Plaza,1800 N. Lynn St,,Arlington,VA,22209,ARLINGTON,1189.7755,95.325447,38.856625,-77.067215,Relaxed,Charitable food-site,1,Rosslyn Farmer's Market,FreshFarm,Discount grocery pick-up site,Weekly,Wednesday,3 - 7 PM,May 5 - Oct. 27,"All FRESHFARM markets accept SNAP/EBT, WIC and Senior FMNP checks. FRESH Match provides a dollar-for-dollar match on all federal benefits spent at market.",NA,0,1,1,0,0,0,0,0,0,1,1,0,0,0,0,0,0,Rosslyn,"ART 43, 45, 55; Metrobus 4B, 5A, 38B",Misc,Charitable food-site with fresh produce
72,Macedonia Baptist Church,3412 South 22nd St.,,Arlington,VA,22204,ARLINGTON,1881.8625,99.349113,38.849884,-77.085304,Relaxed,Charitable food-site,1,SHARE Food Network,NA,Discount grocery pick-up site,Monthly,4th Saturday of the month,0.333333333,Year-round,Monthly value packages cost $22 and include $40-$45 worth of basic and healthy groceries; always four to six pounds of frozen proteins and eight to 12 pounds of fresh fruits and vegetables. Additional specials are also available. SNAP can be used to pa,Open to all. Email or call Darlene Gilbert to sign up.,0,1,0,0,0,0,0,0,0,1,1,0,0,0,0,0,0,NA,"ART 77, 84, 87; Metrobus 10B, 23A/B/T",Church/Mosque/Community Center,Charitable food-site with fresh produce
73,Lomax Ame Zion Church,2704 24th Rd S,,Arlington,VA,22206,ARLINGTON,7685.5771,100,38.847946,-77.081642,Exact,Charitable food-site,1,SHARE Food Network,NA,Discount grocery pick-up site,Monthly,4th Saturday of the month,11:15 AM - 12:30 PM,Year-round,Monthly value packages cost $22 and include $40-$45 worth of basic and healthy groceries; always four to six pounds of frozen proteins and eight to 12 pounds of fresh fruits and vegetables. Additional specials are also available. SNAP can be used to pa,Open to all.,0,1,0,0,0,0,0,0,0,1,1,0,0,0,0,0,0,NA,"ART 75, 84, 87/A/P; Metrobus 10B, 23A/B/T",Church/Mosque/Community Center,Charitable food-site with fresh produce
74,Langston Brown Community Center,2121 N. Culpeper Street,,Arlington,VA,22207,ARLINGTON,3519.4824,100,38.895588,-77.126564,Exact,Charitable food-site,0,Social 60+ Café,Department of Parks & Rec,Prepared meals/Meal kits,Daily,Tuesday - Friday,NA,Year-round,"Designed to help older individuals remain independent and involved in their community by providing meals, transportation and related nutrition services.","Arlington County residents age 60 years or older and their spouses, regardless of income.",1,1,0,0,0,1,0,0,1,0,0,0,0,0,0,0,0,NA,"ART 51, 52, 55, 72; Metrobus 23A/T",Misc,Charitable food-site without fresh produce
75,St. Anthony Of Padua Catholic Church,3305 Glen Carlyn Rd,,Arlington,VA,22041,ARLINGTON,20225.203,96,38.856659,-77.13868,Relaxed,Charitable food-site,0,St. Anthony of Padua Catholic Church,NA,Food pantry,Twice weekly,Monday & Wednesday,10 AM - 2 PM,Year-round,"Fresh veggies & fruits, meat or fish, canned food, cereals, pastries, bread, rice and beans. Monthly.",NA,0,1,0,0,0,0,0,0,0,1,1,NA,1,0,0,0,0,NA,"Metrobus 16 C/E, 28A",Church/Mosque/Community Center,Charitable food-site with fresh produce
76,St. Charles Borromeo Catholic Church,3304 Washington Blvd,,Arlington,VA,22201,ARLINGTON,7683.6499,100,38.885559,-77.099297,Exact,Charitable food-site,0,St. Charles Borromeo Catholic Church,NA,Food pantry,Weekly,Tuesday,10 AM - 12 PM,Year-round,Shelf-stable food items.,NA,0,1,1,0,0,0,0,1,0,1,0,NA,0,0,0,0,0,Clarendon,"ART 41, 42, 77; Metrobus 38B",Church/Mosque/Community Center,Charitable food-site without fresh produce
77,St. George'S Episcopal Church,915 N. Oakland St,,Arlington,VA,22203,ARLINGTON,2252.5725,100,38.882023,-77.104446,Exact,Charitable food-site,0,St. George's Episcopal Church,NA,Food pantry,Twice weekly,Monday & Thursday,12 - 1 PM,Year-round,Shelf-stable food items. Toiletries available based on availability.,NA,0,1,1,0,0,0,0,0,0,1,0,0,0,0,0,0,0,Virginia Square,"ART 41, 42, 51, 75; Metrobus 1A, 2A, 10B, 22A, 23A/B/T, 25B , 38B",Church/Mosque/Community Center,Charitable food-site without fresh produce
